,barcode,plate,well,384_plate,384_row,384_col,sample_name
0,TTGGTCGCTC,1,A1,A1,A,1,05h
1,AACGCGGTAG,1,A2,A3,A,3,05h
2,CTGATCTTGT,1,A3,A5,A,5,05h
3,CATGCAGAGT,1,A4,A7,A,7,10h
4,GTTAGCACAA,1,A5,A9,A,9,10h
5,CTCTAGCCGT,1,A6,A11,A,11,10h
6,GACGATAGTG,1,A7,A13,A,13,15h
7,TCTTCCGATG,1,A8,A15,A,15,15h
8,TATCCGATCT,1,A9,A17,A,17,15h
9,CCGTGAGAAC,1,A10,A19,A,19,20h
10,AGTCAGAAGG,1,A11,A21,A,21,20h
11,TGGTGCCAAC,1,A12,A23,A,23,20h
12,CGCTCTAGAT,1,B1,C1,C,1,05h
13,GTTCTATGTC,1,B2,C3,C,3,05h
14,AAGGTTACTC,1,B3,C5,C,5,05h
15,ACCTGTCGCT,1,B4,C7,C,7,10h
16,GTCTGATCCG,1,B5,C9,C,9,10h
17,ACGTGGAATT,1,B6,C11,C,11,10h
18,ATCGCGTCAC,1,B7,C13,C,13,15h
19,AGGCCAGTTG,1,B8,C15,C,15,15h
20,ACAGAGACCG,1,B9,C17,C,17,15h
21,GCAATTGTGG,1,B10,C19,C,19,20h
22,AGTGTACGGT,1,B11,C21,C,21,20h
23,TTAAGCACCG,1,B12,C23,C,23,20h
24,TCTTCGTGTA,1,C1,E1,E,1,05h
25,CAGTCAGTTG,1,C2,E3,E,3,05h
26,TGGTTCCTGG,1,C3,E5,E,5,05h
27,TCGATTACGC,1,C4,E7,E,7,10h
28,AATCTCGGTT,1,C5,E9,E,9,10h
29,ATCGCAGTGT,1,C6,E11,E,11,10h
30,TTGAAGCGGT,1,C7,E13,E,13,15h
31,TGCATTGGTT,1,C8,E15,E,15,15h
32,TCCTACCATA,1,C9,E17,E,17,15h
33,GTTCATTGCG,1,C10,E19,E,19,20h
34,AGAACAATCG,1,C11,E21,E,21,20h
35,TTGTTGAGTG,1,C12,E23,E,23,20h
36,CTGATTAGTG,1,D1,G1,G,1,05h
37,CCATGGAACA,1,D2,G3,G,3,05h
38,TGAGCTACGT,1,D3,G5,G,5,05h
39,TGGTGTTGAC,1,D4,G7,G,7,10h
40,CCGACAAGGA,1,D5,G9,G,9,10h
41,ACACTCTACT,1,D6,G11,G,11,10h
42,GTCTTGGAAT,1,D7,G13,G,13,15h
43,CCTGACTCTT,1,D8,G15,G,15,15h
44,AATGACGCGG,1,D9,G17,G,17,15h
45,CATGCCTGAC,1,D10,G19,G,19,20h
46,TAGGTGCTAT,1,D11,G21,G,21,20h
47,CCGGATTATG,1,D12,G23,G,23,20h
48,TAAGCCTCTA,1,E1,I1,I,1,05h
49,TACACGCCTC,1,E2,I3,I,3,05h
50,CGTATCGATT,1,E3,I5,I,5,05h
51,CTTCTTGCGT,1,E4,I7,I,7,10h
52,TGCCGTTAGC,1,E5,I9,I,9,10h
53,TCGTCAGTAC,1,E6,I11,I,11,10h
54,TGCGTGATGA,1,E7,I13,I,13,15h
55,TTATGCAGGA,1,E8,I15,I,15,15h
56,AACCACGTCA,1,E9,I17,I,17,15h
57,CTTCTGATCG,1,E10,I19,I,19,20h
58,GAGTCCTGTG,1,E11,I21,I,21,20h
59,GCGTGAGCAT,1,E12,I23,I,23,20h
60,CAATCTGTGT,1,F1,K1,K,1,05h
61,CCTCTGCTGA,1,F2,K3,K,3,05h
62,CGTCGGTAAG,1,F3,K5,K,5,05h
63,ACTTCACATC,1,F4,K7,K,7,10h
64,CGAGTTGCTT,1,F5,K9,K,9,10h
65,TGTTCAGATC,1,F6,K11,K,11,10h
66,CGAGACTTCA,1,F7,K13,K,13,15h
67,GTTAGCTTAG,1,F8,K15,K,15,15h
68,GACTCTGGTT,1,F9,K17,K,17,15h
69,TTACGAACGA,1,F10,K19,K,19,20h
70,CAACTGTCAT,1,F11,K21,K,21,20h
71,ACGAACCTTA,1,F12,K23,K,23,20h
72,TCAATCCGCG,1,G1,M1,M,1,05h
73,TCTCACTCTA,1,G2,M3,M,3,05h
74,AGATGTGCGC,1,G3,M5,M,5,05h
75,ACTTGCGTGT,1,G4,M7,M,7,10h
76,AATCTGTTGG,1,G5,M9,M,9,10h
77,TCCATACAAC,1,G6,M11,M,11,10h
78,ATCTGTGAGG,1,G7,M13,M,13,15h
79,TACTCGTAAG,1,G8,M15,M,15,15h
80,CCGGTCATGA,1,G9,M17,M,17,15h
81,GTCTGCGTAG,1,G10,M19,M,19,20h
82,GCAAGGACGT,1,G11,M21,M,21,20h
83,GATAAGTGTG,1,G12,M23,M,23,20h
84,GATCACTGGT,1,H1,O1,O,1,05h
85,TTAATCCAGC,1,H2,O3,O,3,05h
86,TAATCTGCAC,1,H3,O5,O,5,05h
87,GACCGTAGAT,1,H4,O7,O,7,10h
88,AAGCACTGTC,1,H5,O9,O,9,10h
89,CGGAATTCTT,1,H6,O11,O,11,10h
90,AGATGGCTTC,1,H7,O13,O,13,15h
91,CGATACTGAA,1,H8,O15,O,15,15h
92,TGTTGTCCAT,1,H9,O17,O,17,15h
93,AGTCACAACA,1,H10,O19,O,19,20h
94,GCCACTGTCT,1,H11,O21,O,21,20h
95,ACCGGTTATA,1,H12,O23,O,23,20h
96,TATCTTCTCG,2,A1,A2,A,2,05h
97,TGTGGATTAG,2,A2,A4,A,4,05h
98,GCCAATACAT,2,A3,A6,A,6,05h
99,TGGAAGCAGA,2,A4,A8,A,8,10h
100,AGACGAGTCT,2,A5,A10,A,10,10h
101,TGCTAGCGGT,2,A6,A12,A,12,10h
102,CTCACGAATC,2,A7,A14,A,14,15h
103,GAGGATGGAT,2,A8,A16,A,16,15h
104,TGGTTGGTAC,2,A9,A18,A,18,15h
105,CCTACAGCGT,2,A10,A20,A,20,20h
106,CTGCATAGCA,2,A11,A22,A,22,20h
107,ACCGGCCTTA,2,A12,A24,A,24,20h
108,GCATTCGAAT,2,B1,C2,C,2,05h
109,CTCGTGTAGC,2,B2,C4,C,4,05h
110,CTTAGCAGGC,2,B3,C6,C,6,05h
111,GTTCAGTAGA,2,B4,C8,C,8,10h
112,GAGCCTGCTT,2,B5,C10,C,10,10h
113,GCATAACGGC,2,B6,C12,C,12,10h
114,TGTCACCTTA,2,B7,C14,C,14,15h
115,GTGTTCTGTT,2,B8,C16,C,16,15h
116,ACATTAGCGG,2,B9,C18,C,18,15h
117,ATTCGTACGG,2,B10,C20,C,20,20h
118,CCTGTGGTTC,2,B11,C22,C,22,20h
119,TGGAACGTAG,2,B12,C24,C,24,20h
120,ATAAGGTGAC,2,C1,E2,E,2,05h
121,AATGGAAGAC,2,C2,E4,E,4,05h
122,AGTTCTTCCG,2,C3,E6,E,6,05h
123,TCACGGATGA,2,C4,E8,E,8,10h
124,CCAAGAGGAT,2,C5,E10,E,10,10h
125,CCTGTCTAGA,2,C6,E12,E,12,10h
126,GTACTCCGTC,2,C7,E14,E,14,15h
127,CTGTCTCATT,2,C8,E16,E,16,15h
128,GAGTAACGTG,2,C9,E18,E,18,15h
129,CTCCTAATCT,2,C10,E20,E,20,20h
130,CTGCGTCGAA,2,C11,E22,E,22,20h
131,CGTACGCCAT,2,C12,E24,E,24,20h
132,TGAAGATGGA,2,D1,G2,G,2,05h
133,ACTTGATTGG,2,D2,G4,G,4,05h
134,CCGTAACCTT,2,D3,G6,G,6,05h
135,TTCGCCTTAG,2,D4,G8,G,8,10h
136,AGTGTGATAG,2,D5,G10,G,10,10h
137,TCTATCTGAC,2,D6,G12,G,12,10h
138,TTCACTGGCT,2,D7,G14,G,14,15h
139,ATTCCTCTGG,2,D8,G16,G,16,15h
140,TGGTCCTCGT,2,D9,G18,G,18,15h
141,ATGCTGCAGG,2,D10,G20,G,20,20h
142,TCGCTCTGCT,2,D11,G22,G,22,20h
143,AATTCGGTGG,2,D12,G24,G,24,20h
144,AGACGCAAGA,2,E1,I2,I,2,05h
145,TCAATTGACG,2,E2,I4,I,4,05h
146,TGCTCATCCG,2,E3,I6,I,6,05h
147,GAGCTGGAAT,2,E4,I8,I,8,10h
148,ACAGCTCCTG,2,E5,I10,I,10,10h
149,CCATCGCATT,2,E6,I12,I,12,10h
150,AATGCTCTAG,2,E7,I14,I,14,15h
151,TGCAATTGGC,2,E8,I16,I,16,15h
152,CAGATGTTAC,2,E9,I18,I,18,15h
153,ATTCGCCGGT,2,E10,I20,I,20,20h
154,ATGTTCGCGC,2,E11,I22,I,22,20h
155,CCTCCATTCT,2,E12,I24,I,24,20h
156,TCTTATCCGG,2,F1,K2,K,2,05h
157,CGTTCAACCG,2,F2,K4,K,4,05h
158,CCTAGGCGAT,2,F3,K6,K,6,05h
159,GTGTTCACGT,2,F4,K8,K,8,10h
160,TCCAACACCG,2,F5,K10,K,10,10h
161,AGTTGTGATC,2,F6,K12,K,12,10h
162,AAGTGCACCG,2,F7,K14,K,14,15h
163,CTTACACTGA,2,F8,K16,K,16,15h
164,GTTCGAACTC,2,F9,K18,K,18,15h
165,TGATCAGTCT,2,F10,K20,K,20,20h
166,AGCGCTACAG,2,F11,K22,K,22,20h
167,GAGAACTGGA,2,F12,K24,K,24,20h
168,GAAGACTTAG,2,G1,M2,M,2,05h
169,ACAGATCTCA,2,G2,M4,M,4,05h
170,GCCATAGAAT,2,G3,M6,M,6,05h
171,GACGTTACTT,2,G4,M8,M,8,10h
172,AGCATGGCAT,2,G5,M10,M,10,10h
173,TCTCCTGGTT,2,G6,M12,M,12,10h
174,TACAACGTGT,2,G7,M14,M,14,15h
175,GATTCCTTAC,2,G8,M16,M,16,15h
176,CGTTGTTGCG,2,G9,M18,M,18,15h
177,GCATTATAGG,2,G10,M20,M,20,20h
178,GAACGCGACA,2,G11,M22,M,22,20h
179,GAACCTCCTA,2,G12,M24,M,24,20h
180,AGAGCTCTAC,2,H1,O2,O,2,05h
181,AGAAGGTACT,2,H2,O4,O,4,05h
182,GCAGCGTTAG,2,H3,O6,O,6,05h
183,TAACCAGATC,2,H4,O8,O,8,10h
184,TTCCGGCTGT,2,H5,O10,O,10,10h
185,TTGTCTCTAC,2,H6,O12,O,12,10h
186,TCTGTATGGT,2,H7,O14,O,14,15h
187,ATGTCGTACT,2,H8,O16,O,16,15h
188,ACGAAGCGAT,2,H9,O18,O,18,15h
189,GCGATGCCAA,2,H10,O20,O,20,20h
190,GCGCTAGAGA,2,H11,O22,O,22,20h
191,TTGCTCACGG,2,H12,O24,O,24,20h
192,ATTCCGTCCG,3,A1,B1,B,1,05h
193,GCACCATGAA,3,A2,B3,B,3,05h
194,GTATGCCTAT,3,A3,B5,B,5,05h
195,AGTTATGAGG,3,A4,B7,B,7,10h
196,TGTCTTCAGA,3,A5,B9,B,9,10h
197,CACAGCGTCT,3,A6,B11,B,11,10h
198,CAGAACTTAG,3,A7,B13,B,13,15h
199,ATCGAAGAGC,3,A8,B15,B,15,15h
200,TTCTACCTGT,3,A9,B17,B,17,15h
201,CTGCTTAAGG,3,A10,B19,B,19,20h
202,ATGGTTCTCT,3,A11,B21,B,21,20h
203,TGAAGTCTGC,3,A12,B23,B,23,20h
204,CGTGTTACCG,3,B1,D1,D,1,05h
205,CCTCCGTATC,3,B2,D3,D,3,05h
206,CATTCAGGAG,3,B3,D5,D,5,05h
207,TACCTGTCAA,3,B4,D7,D,7,10h
208,TGTTACCGTC,3,B5,D9,D,9,10h
209,CAATTCCGTG,3,B6,D11,D,11,10h
210,GAGTTGTTCA,3,B7,D13,D,13,15h
211,GCTACAACGA,3,B8,D15,D,15,15h
212,CATTGAGTTC,3,B9,D17,D,17,15h
213,CTCACACACT,3,B10,D19,D,19,20h
214,ATGGCGGATT,3,B11,D21,D,21,20h
215,TTCATCCGTG,3,B12,D23,D,23,20h
216,ATGAAGGCAT,3,C1,F1,F,1,05h
217,CAAGAGGAGG,3,C2,F3,F,3,05h
218,AATTGCTAGG,3,C3,F5,F,5,05h
219,TGGATGCCAG,3,C4,F7,F,7,10h
220,CTCTATAGCT,3,C5,F9,F,9,10h
221,TCCGAATAAG,3,C6,F11,F,11,10h
222,GTGACTAACT,3,C7,F13,F,13,15h
223,AGAGAGTGGT,3,C8,F15,F,15,15h
224,GACCTACGAG,3,C9,F17,F,17,15h
225,TCACCGACTA,3,C10,F19,F,19,20h
226,TACCACGTAG,3,C11,F21,F,21,20h
227,GCACCACCAT,3,C12,F23,F,23,20h
228,CCGATGTTCA,3,D1,H1,H,1,05h
229,CTTGAATGTC,3,D2,H3,H,3,05h
230,ATTGGCCAGC,3,D3,H5,H,5,05h
231,TGTGTACCAG,3,D4,H7,H,7,10h
232,TCGATGATCG,3,D5,H9,H,9,10h
233,GCTGCTAATA,3,D6,H11,H,11,10h
234,TTGGCCAATG,3,D7,H13,H,13,15h
235,CATTGACGGC,3,D8,H15,H,15,15h
236,CGTTCTGGTA,3,D9,H17,H,17,15h
237,ATGAGTCTGT,3,D10,H19,H,19,20h
238,CAGTCGGAGT,3,D11,H21,H,21,20h
239,CGGCTGTTAG,3,D12,H23,H,23,20h
240,AGTGACCACG,3,E1,J1,J,1,05h
241,GCTCTCCTTC,3,E2,J3,J,3,05h
242,ACTTACCGGC,3,E3,J5,J,5,05h
243,CGTGACGACT,3,E4,J7,J,7,10h
244,GACAGGACAG,3,E5,J9,J,9,10h
245,TCATGGTACT,3,E6,J11,J,11,10h
246,TGACCTAGTT,3,E7,J13,J,13,15h
247,CGTCATCGAA,3,E8,J15,J,15,15h
248,ATGAGTTAGG,3,E9,J17,J,17,15h
249,TACCAGAGAT,3,E10,J19,J,19,20h
250,TTGGACGGAA,3,E11,J21,J,21,20h
251,TAGTGAGTCG,3,E12,J23,J,23,20h
252,GAAGTCGTGG,3,F1,L1,L,1,05h
253,CTATGGACTT,3,F2,L3,L,3,05h
254,TGGCTTGATC,3,F3,L5,L,5,05h
255,ACCATTGTGT,3,F4,L7,L,7,10h
256,CTCCAATATG,3,F5,L9,L,9,10h
257,GACATATCGG,3,F6,L11,L,11,10h
258,CCAATAGATC,3,F7,L13,L,13,15h
259,CATCGGCACT,3,F8,L15,L,15,15h
260,GCAGACACAA,3,F9,L17,L,17,15h
261,CTAATCGCGG,3,F10,L19,L,19,20h
262,AACTCCGAGA,3,F11,L21,L,21,20h
263,GTACTCTCTA,3,F12,L23,L,23,20h
264,GCCGCAAGAT,3,G1,N1,N,1,05h
265,TGTGCTGGTG,3,G2,N3,N,3,05h
266,ATGCTTCTAC,3,G3,N5,N,5,05h
267,TAGGCTAGAG,3,G4,N7,N,7,10h
268,ATGAGCTGGA,3,G5,N9,N,9,10h
269,TGGTGGTATT,3,G6,N11,N,11,10h
270,ACGTATCTTG,3,G7,N13,N,13,15h
271,CAGGCCATGT,3,G8,N15,N,15,15h
272,GAGTGTCTAG,3,G9,N17,N,17,15h
273,TGTCGTATTG,3,G10,N19,N,19,20h
274,GACATCGCGA,3,G11,N21,N,21,20h
275,CCAATCCAGG,3,G12,N23,N,23,20h
276,GTATAGCGTC,3,H1,P1,P,1,05h
277,TCAAGGTCGC,3,H2,P3,P,3,05h
278,ACGTACACTC,3,H3,P5,P,5,05h
279,TTGGTGTGTC,3,H4,P7,P,7,10h
280,TGGCATTGGA,3,H5,P9,P,9,10h
281,GCATCTCTAT,3,H6,P11,P,11,10h
282,TACAGGTCCT,3,H7,P13,P,13,15h
283,CGACCAGTGT,3,H8,P15,P,15,15h
284,ATTGATGGCG,3,H9,P17,P,17,15h
285,AGCGAAGATT,3,H10,P19,P,19,20h
286,TAAGACAGCA,3,H11,P21,P,21,20h
287,AAGCTATAGC,3,H12,P23,P,23,20h
288,ACTGGTTCCG,4,A1,B2,B,2,05h
289,CTGTACCAGG,4,A2,B4,B,4,05h
290,CGTGACATTC,4,A3,B6,B,6,05h
291,AACTCTACCG,4,A4,B8,B,8,10h
292,TGTAGATCCG,4,A5,B10,B,10,10h
293,CTTGGTATGA,4,A6,B12,B,12,10h
294,AACCGTAACA,4,A7,B14,B,14,15h
295,CGCTAGGCTA,4,A8,B16,B,16,15h
296,TCAGAGGCAC,4,A9,B18,B,18,15h
297,TGGCTTATGG,4,A10,B20,B,20,20h
298,GACTGCGTTA,4,A11,B22,B,22,20h
299,CGTTCACGTT,4,A12,B24,B,24,20h
300,GTTCTAATGG,4,B1,D2,D,2,05h
301,ACACTAGCAT,4,B2,D4,D,4,05h
302,GAGTTGCATA,4,B3,D6,D,6,05h
303,TGCCAGTATT,4,B4,D8,D,8,10h
304,TTATCGAGAG,4,B5,D10,D,10,10h
305,TGATACTCGC,4,B6,D12,D,12,10h
306,ATGCTTGGTC,4,B7,D14,D,14,15h
307,AGTCCAGTGA,4,B8,D16,D,16,15h
308,CACGTCTACG,4,B9,D18,D,18,15h
309,TGTGGTCTAA,4,B10,D20,D,20,20h
310,TATTGCGCTA,4,B11,D22,D,22,20h
311,CCGAGTCTTC,4,B12,D24,D,24,20h
312,GTAACGTTCA,4,C1,F2,F,2,05h
313,CGCTTGTTAT,4,C2,F4,F,4,05h
314,GTTGATGCGA,4,C3,F6,F,6,05h
315,CCAGTGTACG,4,C4,F8,F,8,10h
316,GCTGGAGAAG,4,C5,F10,F,10,10h
317,CACGCAAGTC,4,C6,F12,F,12,10h
318,ACGAACCAAG,4,C7,F14,F,14,15h
319,GTTACCAACG,4,C8,F16,F,16,15h
320,GCCTAGGAAG,4,C9,F18,F,18,15h
321,GCGTTCAGCA,4,C10,F20,F,20,20h
322,TGCGATGTAT,4,C11,F22,F,22,20h
323,ACGGCTTCTC,4,C12,F24,F,24,20h
324,TTGACCGTCT,4,D1,H2,H,2,05h
325,TTAGCGTCTT,4,D2,H4,H,4,05h
326,GTACTTCCAA,4,D3,H6,H,6,05h
327,CGTAACACTA,4,D4,H8,H,8,10h
328,GAACATTGGC,4,D5,H10,H,10,10h
329,TGTCTGTGAC,4,D6,H12,H,12,10h
330,GACCAATTGT,4,D7,H14,H,14,15h
331,AAGTTCAGGA,4,D8,H16,H,16,15h
332,GAATGGCGTT,4,D9,H18,H,18,15h
333,CCGAACGTTC,4,D10,H20,H,20,20h
334,CGTCGCATCT,4,D11,H22,H,22,20h
335,CCTCTTCAAG,4,D12,H24,H,24,20h
336,GAACCAAGCG,4,E1,J2,J,2,05h
337,AGATGCTCCG,4,E2,J4,J,4,05h
338,TCATCGTCTG,4,E3,J6,J,6,05h
339,AAGTGTGCTA,4,E4,J8,J,8,10h
340,TGCTCACGCA,4,E5,J10,J,10,10h
341,TAGCTACCAG,4,E6,J12,J,12,10h
342,GATAGTGTTC,4,E7,J14,J,14,15h
343,CACAGCTATT,4,E8,J16,J,16,15h
344,TGCGAAGTGA,4,E9,J18,J,18,15h
345,TCCGTGTTGC,4,E10,J20,J,20,20h
346,AACAGCAATG,4,E11,J22,J,22,20h
347,CGGTCTCTCT,4,E12,J24,J,24,20h
348,ATTGTAAGCG,4,F1,L2,L,2,05h
349,TCACAGTTGC,4,F2,L4,L,4,05h
350,CTGAGTCCTT,4,F3,L6,L,6,05h
351,GTAGTTGTGT,4,F4,L8,L,8,10h
352,CACCGTCATA,4,F5,L10,L,10,10h
353,ACGGACTGAG,4,F6,L12,L,12,10h
354,TTGTTCGTGT,4,F7,L14,L,14,15h
355,ACTGGACGTT,4,F8,L16,L,16,15h
356,GTTGCATCGT,4,F9,L18,L,18,15h
357,ATTACCGATC,4,F10,L20,L,20,20h
358,TTAACGTCCG,4,F11,L22,L,22,20h
359,AAGATCGGAT,4,F12,L24,L,24,20h
360,TAGGTGGTGG,4,G1,N2,N,2,05h
361,TCAGCATCCG,4,G2,N4,N,4,05h
362,GCTATTGAAG,4,G3,N6,N,6,05h
363,GCTACTTGCA,4,G4,N8,N,8,10h
364,CAGCGGTATG,4,G5,N10,N,10,10h
365,CGAGTAATGT,4,G6,N12,N,12,10h
366,TCCTCGAGCT,4,G7,N14,N,14,15h
367,CTTAACGACA,4,G8,N16,N,16,15h
368,TCCACTGTTG,4,G9,N18,N,18,15h
369,CATTATGCCT,4,G10,N20,N,20,20h
370,TGTCCGTAGG,4,G11,N22,N,22,20h
371,GCGAGGTTCT,4,G12,N24,N,24,20h
372,ACATGAGCCA,4,H1,P2,P,2,05h
373,TTAACAGGTC,4,H2,P4,P,4,05h
374,TAGAGTCACG,4,H3,P6,P,6,05h
375,AATATGCCAG,4,H4,P8,P,8,10h
376,GCACGATGCT,4,H5,P10,P,10,10h
377,CGCCTTATAT,4,H6,P12,P,12,10h
378,ATAGGTAAGG,4,H7,P14,P,14,15h
379,CACTTAGGTA,4,H8,P16,P,16,15h
380,TAGAAGCCAT,4,H9,P18,P,18,15h
381,GCTCTTAGGT,4,H10,P20,P,20,20h
382,CTGTTCTACG,4,H11,P22,P,22,20h
383,GTCGTGAATC,4,H12,P24,P,24,20h
