,barcode,plate,well,384_plate,sample_name
0,TTGGTCGCTC,1,A1,A1,all
1,AACGCGGTAG,1,A2,A3,all
2,CTGATCTTGT,1,A3,A5,all
3,CATGCAGAGT,1,A4,A7,all
4,GTTAGCACAA,1,A5,A9,all
5,CTCTAGCCGT,1,A6,A11,all
6,GACGATAGTG,1,A7,A13,all
7,TCTTCCGATG,1,A8,A15,all
8,TATCCGATCT,1,A9,A17,all
9,CCGTGAGAAC,1,A10,A19,all
10,AGTCAGAAGG,1,A11,A21,all
11,TGGTGCCAAC,1,A12,A23,all
12,CGCTCTAGAT,1,B1,C1,all
13,GTTCTATGTC,1,B2,C3,all
14,AAGGTTACTC,1,B3,C5,all
15,ACCTGTCGCT,1,B4,C7,all
16,GTCTGATCCG,1,B5,C9,all
17,ACGTGGAATT,1,B6,C11,all
18,ATCGCGTCAC,1,B7,C13,all
19,AGGCCAGTTG,1,B8,C15,all
20,ACAGAGACCG,1,B9,C17,all
21,GCAATTGTGG,1,B10,C19,all
22,AGTGTACGGT,1,B11,C21,all
23,TTAAGCACCG,1,B12,C23,all
24,TCTTCGTGTA,1,C1,E1,all
25,CAGTCAGTTG,1,C2,E3,all
26,TGGTTCCTGG,1,C3,E5,all
27,TCGATTACGC,1,C4,E7,all
28,AATCTCGGTT,1,C5,E9,all
29,ATCGCAGTGT,1,C6,E11,all
30,TTGAAGCGGT,1,C7,E13,all
31,TGCATTGGTT,1,C8,E15,all
32,TCCTACCATA,1,C9,E17,all
33,GTTCATTGCG,1,C10,E19,all
34,AGAACAATCG,1,C11,E21,all
35,TTGTTGAGTG,1,C12,E23,all
36,CTGATTAGTG,1,D1,G1,all
37,CCATGGAACA,1,D2,G3,all
38,TGAGCTACGT,1,D3,G5,all
39,TGGTGTTGAC,1,D4,G7,all
40,CCGACAAGGA,1,D5,G9,all
41,ACACTCTACT,1,D6,G11,all
42,GTCTTGGAAT,1,D7,G13,all
43,CCTGACTCTT,1,D8,G15,all
44,AATGACGCGG,1,D9,G17,all
45,CATGCCTGAC,1,D10,G19,all
46,TAGGTGCTAT,1,D11,G21,all
47,CCGGATTATG,1,D12,G23,all
48,TAAGCCTCTA,1,E1,I1,all
49,TACACGCCTC,1,E2,I3,all
50,CGTATCGATT,1,E3,I5,all
51,CTTCTTGCGT,1,E4,I7,all
52,TGCCGTTAGC,1,E5,I9,all
53,TCGTCAGTAC,1,E6,I11,all
54,TGCGTGATGA,1,E7,I13,all
55,TTATGCAGGA,1,E8,I15,all
56,AACCACGTCA,1,E9,I17,all
57,CTTCTGATCG,1,E10,I19,all
58,GAGTCCTGTG,1,E11,I21,all
59,GCGTGAGCAT,1,E12,I23,all
60,CAATCTGTGT,1,F1,K1,all
61,CCTCTGCTGA,1,F2,K3,all
62,CGTCGGTAAG,1,F3,K5,all
63,ACTTCACATC,1,F4,K7,all
64,CGAGTTGCTT,1,F5,K9,all
65,TGTTCAGATC,1,F6,K11,all
66,CGAGACTTCA,1,F7,K13,all
67,GTTAGCTTAG,1,F8,K15,all
68,GACTCTGGTT,1,F9,K17,all
69,TTACGAACGA,1,F10,K19,all
70,CAACTGTCAT,1,F11,K21,all
71,ACGAACCTTA,1,F12,K23,all
72,TCAATCCGCG,1,G1,M1,all
73,TCTCACTCTA,1,G2,M3,all
74,AGATGTGCGC,1,G3,M5,all
75,ACTTGCGTGT,1,G4,M7,all
76,AATCTGTTGG,1,G5,M9,all
77,TCCATACAAC,1,G6,M11,all
78,ATCTGTGAGG,1,G7,M13,all
79,TACTCGTAAG,1,G8,M15,all
80,CCGGTCATGA,1,G9,M17,all
81,GTCTGCGTAG,1,G10,M19,all
82,GCAAGGACGT,1,G11,M21,all
83,GATAAGTGTG,1,G12,M23,all
84,GATCACTGGT,1,H1,O1,all
85,TTAATCCAGC,1,H2,O3,all
86,TAATCTGCAC,1,H3,O5,all
87,GACCGTAGAT,1,H4,O7,all
88,AAGCACTGTC,1,H5,O9,all
89,CGGAATTCTT,1,H6,O11,all
90,AGATGGCTTC,1,H7,O13,all
91,CGATACTGAA,1,H8,O15,all
92,TGTTGTCCAT,1,H9,O17,all
93,AGTCACAACA,1,H10,O19,all
94,GCCACTGTCT,1,H11,O21,all
95,ACCGGTTATA,1,H12,O23,all
96,TATCTTCTCG,2,A1,A2,all
97,TGTGGATTAG,2,A2,A4,all
98,GCCAATACAT,2,A3,A6,all
99,TGGAAGCAGA,2,A4,A8,all
100,AGACGAGTCT,2,A5,A10,all
101,TGCTAGCGGT,2,A6,A12,all
102,CTCACGAATC,2,A7,A14,all
103,GAGGATGGAT,2,A8,A16,all
104,TGGTTGGTAC,2,A9,A18,all
105,CCTACAGCGT,2,A10,A20,all
106,CTGCATAGCA,2,A11,A22,all
107,ACCGGCCTTA,2,A12,A24,all
108,GCATTCGAAT,2,B1,C2,all
109,CTCGTGTAGC,2,B2,C4,all
110,CTTAGCAGGC,2,B3,C6,all
111,GTTCAGTAGA,2,B4,C8,all
112,GAGCCTGCTT,2,B5,C10,all
113,GCATAACGGC,2,B6,C12,all
114,TGTCACCTTA,2,B7,C14,all
115,GTGTTCTGTT,2,B8,C16,all
116,ACATTAGCGG,2,B9,C18,all
117,ATTCGTACGG,2,B10,C20,all
118,CCTGTGGTTC,2,B11,C22,all
119,TGGAACGTAG,2,B12,C24,all
120,ATAAGGTGAC,2,C1,E2,all
121,AATGGAAGAC,2,C2,E4,all
122,AGTTCTTCCG,2,C3,E6,all
123,TCACGGATGA,2,C4,E8,all
124,CCAAGAGGAT,2,C5,E10,all
125,CCTGTCTAGA,2,C6,E12,all
126,GTACTCCGTC,2,C7,E14,all
127,CTGTCTCATT,2,C8,E16,all
128,GAGTAACGTG,2,C9,E18,all
129,CTCCTAATCT,2,C10,E20,all
130,CTGCGTCGAA,2,C11,E22,all
131,CGTACGCCAT,2,C12,E24,all
132,TGAAGATGGA,2,D1,G2,all
133,ACTTGATTGG,2,D2,G4,all
134,CCGTAACCTT,2,D3,G6,all
135,TTCGCCTTAG,2,D4,G8,all
136,AGTGTGATAG,2,D5,G10,all
137,TCTATCTGAC,2,D6,G12,all
138,TTCACTGGCT,2,D7,G14,all
139,ATTCCTCTGG,2,D8,G16,all
140,TGGTCCTCGT,2,D9,G18,all
141,ATGCTGCAGG,2,D10,G20,all
142,TCGCTCTGCT,2,D11,G22,all
143,AATTCGGTGG,2,D12,G24,all
144,AGACGCAAGA,2,E1,I2,all
145,TCAATTGACG,2,E2,I4,all
146,TGCTCATCCG,2,E3,I6,all
147,GAGCTGGAAT,2,E4,I8,all
148,ACAGCTCCTG,2,E5,I10,all
149,CCATCGCATT,2,E6,I12,all
150,AATGCTCTAG,2,E7,I14,all
151,TGCAATTGGC,2,E8,I16,all
152,CAGATGTTAC,2,E9,I18,all
153,ATTCGCCGGT,2,E10,I20,all
154,ATGTTCGCGC,2,E11,I22,all
155,CCTCCATTCT,2,E12,I24,all
156,TCTTATCCGG,2,F1,K2,all
157,CGTTCAACCG,2,F2,K4,all
158,CCTAGGCGAT,2,F3,K6,all
159,GTGTTCACGT,2,F4,K8,all
160,TCCAACACCG,2,F5,K10,all
161,AGTTGTGATC,2,F6,K12,all
162,AAGTGCACCG,2,F7,K14,all
163,CTTACACTGA,2,F8,K16,all
164,GTTCGAACTC,2,F9,K18,all
165,TGATCAGTCT,2,F10,K20,all
166,AGCGCTACAG,2,F11,K22,all
167,GAGAACTGGA,2,F12,K24,all
168,GAAGACTTAG,2,G1,M2,all
169,ACAGATCTCA,2,G2,M4,all
170,GCCATAGAAT,2,G3,M6,all
171,GACGTTACTT,2,G4,M8,all
172,AGCATGGCAT,2,G5,M10,all
173,TCTCCTGGTT,2,G6,M12,all
174,TACAACGTGT,2,G7,M14,all
175,GATTCCTTAC,2,G8,M16,all
176,CGTTGTTGCG,2,G9,M18,all
177,GCATTATAGG,2,G10,M20,all
178,GAACGCGACA,2,G11,M22,all
179,GAACCTCCTA,2,G12,M24,all
180,AGAGCTCTAC,2,H1,O2,all
181,AGAAGGTACT,2,H2,O4,all
182,GCAGCGTTAG,2,H3,O6,all
183,TAACCAGATC,2,H4,O8,all
184,TTCCGGCTGT,2,H5,O10,all
185,TTGTCTCTAC,2,H6,O12,all
186,TCTGTATGGT,2,H7,O14,all
187,ATGTCGTACT,2,H8,O16,all
188,ACGAAGCGAT,2,H9,O18,all
189,GCGATGCCAA,2,H10,O20,all
190,GCGCTAGAGA,2,H11,O22,all
191,TTGCTCACGG,2,H12,O24,all
192,ATTCCGTCCG,3,A1,B1,all
193,GCACCATGAA,3,A2,B3,all
194,GTATGCCTAT,3,A3,B5,all
195,AGTTATGAGG,3,A4,B7,all
196,TGTCTTCAGA,3,A5,B9,all
197,CACAGCGTCT,3,A6,B11,all
198,CAGAACTTAG,3,A7,B13,all
199,ATCGAAGAGC,3,A8,B15,all
200,TTCTACCTGT,3,A9,B17,all
201,CTGCTTAAGG,3,A10,B19,all
202,ATGGTTCTCT,3,A11,B21,all
203,TGAAGTCTGC,3,A12,B23,all
204,CGTGTTACCG,3,B1,D1,all
205,CCTCCGTATC,3,B2,D3,all
206,CATTCAGGAG,3,B3,D5,all
207,TACCTGTCAA,3,B4,D7,all
208,TGTTACCGTC,3,B5,D9,all
209,CAATTCCGTG,3,B6,D11,all
210,GAGTTGTTCA,3,B7,D13,all
211,GCTACAACGA,3,B8,D15,all
212,CATTGAGTTC,3,B9,D17,all
213,CTCACACACT,3,B10,D19,all
214,ATGGCGGATT,3,B11,D21,all
215,TTCATCCGTG,3,B12,D23,all
216,ATGAAGGCAT,3,C1,F1,all
217,CAAGAGGAGG,3,C2,F3,all
218,AATTGCTAGG,3,C3,F5,all
219,TGGATGCCAG,3,C4,F7,all
220,CTCTATAGCT,3,C5,F9,all
221,TCCGAATAAG,3,C6,F11,all
222,GTGACTAACT,3,C7,F13,all
223,AGAGAGTGGT,3,C8,F15,all
224,GACCTACGAG,3,C9,F17,all
225,TCACCGACTA,3,C10,F19,all
226,TACCACGTAG,3,C11,F21,all
227,GCACCACCAT,3,C12,F23,all
228,CCGATGTTCA,3,D1,H1,all
229,CTTGAATGTC,3,D2,H3,all
230,ATTGGCCAGC,3,D3,H5,all
231,TGTGTACCAG,3,D4,H7,all
232,TCGATGATCG,3,D5,H9,all
233,GCTGCTAATA,3,D6,H11,all
234,TTGGCCAATG,3,D7,H13,all
235,CATTGACGGC,3,D8,H15,all
236,CGTTCTGGTA,3,D9,H17,all
237,ATGAGTCTGT,3,D10,H19,all
238,CAGTCGGAGT,3,D11,H21,all
239,CGGCTGTTAG,3,D12,H23,all
240,AGTGACCACG,3,E1,J1,all
241,GCTCTCCTTC,3,E2,J3,all
242,ACTTACCGGC,3,E3,J5,all
243,CGTGACGACT,3,E4,J7,all
244,GACAGGACAG,3,E5,J9,all
245,TCATGGTACT,3,E6,J11,all
246,TGACCTAGTT,3,E7,J13,all
247,CGTCATCGAA,3,E8,J15,all
248,ATGAGTTAGG,3,E9,J17,all
249,TACCAGAGAT,3,E10,J19,all
250,TTGGACGGAA,3,E11,J21,all
251,TAGTGAGTCG,3,E12,J23,all
252,GAAGTCGTGG,3,F1,L1,all
253,CTATGGACTT,3,F2,L3,all
254,TGGCTTGATC,3,F3,L5,all
255,ACCATTGTGT,3,F4,L7,all
256,CTCCAATATG,3,F5,L9,all
257,GACATATCGG,3,F6,L11,all
258,CCAATAGATC,3,F7,L13,all
259,CATCGGCACT,3,F8,L15,all
260,GCAGACACAA,3,F9,L17,all
261,CTAATCGCGG,3,F10,L19,all
262,AACTCCGAGA,3,F11,L21,all
263,GTACTCTCTA,3,F12,L23,all
264,GCCGCAAGAT,3,G1,N1,all
265,TGTGCTGGTG,3,G2,N3,all
266,ATGCTTCTAC,3,G3,N5,all
267,TAGGCTAGAG,3,G4,N7,all
268,ATGAGCTGGA,3,G5,N9,all
269,TGGTGGTATT,3,G6,N11,all
270,ACGTATCTTG,3,G7,N13,all
271,CAGGCCATGT,3,G8,N15,all
272,GAGTGTCTAG,3,G9,N17,all
273,TGTCGTATTG,3,G10,N19,all
274,GACATCGCGA,3,G11,N21,all
275,CCAATCCAGG,3,G12,N23,all
276,GTATAGCGTC,3,H1,P1,all
277,TCAAGGTCGC,3,H2,P3,all
278,ACGTACACTC,3,H3,P5,all
279,TTGGTGTGTC,3,H4,P7,all
280,TGGCATTGGA,3,H5,P9,all
281,GCATCTCTAT,3,H6,P11,all
282,TACAGGTCCT,3,H7,P13,all
283,CGACCAGTGT,3,H8,P15,all
284,ATTGATGGCG,3,H9,P17,all
285,AGCGAAGATT,3,H10,P19,all
286,TAAGACAGCA,3,H11,P21,all
287,AAGCTATAGC,3,H12,P23,all
288,ACTGGTTCCG,4,A1,B2,all
289,CTGTACCAGG,4,A2,B4,all
290,CGTGACATTC,4,A3,B6,all
291,AACTCTACCG,4,A4,B8,all
292,TGTAGATCCG,4,A5,B10,all
293,CTTGGTATGA,4,A6,B12,all
294,AACCGTAACA,4,A7,B14,all
295,CGCTAGGCTA,4,A8,B16,all
296,TCAGAGGCAC,4,A9,B18,all
297,TGGCTTATGG,4,A10,B20,all
298,GACTGCGTTA,4,A11,B22,all
299,CGTTCACGTT,4,A12,B24,all
300,GTTCTAATGG,4,B1,D2,all
301,ACACTAGCAT,4,B2,D4,all
302,GAGTTGCATA,4,B3,D6,all
303,TGCCAGTATT,4,B4,D8,all
304,TTATCGAGAG,4,B5,D10,all
305,TGATACTCGC,4,B6,D12,all
306,ATGCTTGGTC,4,B7,D14,all
307,AGTCCAGTGA,4,B8,D16,all
308,CACGTCTACG,4,B9,D18,all
309,TGTGGTCTAA,4,B10,D20,all
310,TATTGCGCTA,4,B11,D22,all
311,CCGAGTCTTC,4,B12,D24,all
312,GTAACGTTCA,4,C1,F2,all
313,CGCTTGTTAT,4,C2,F4,all
314,GTTGATGCGA,4,C3,F6,all
315,CCAGTGTACG,4,C4,F8,all
316,GCTGGAGAAG,4,C5,F10,all
317,CACGCAAGTC,4,C6,F12,all
318,ACGAACCAAG,4,C7,F14,all
319,GTTACCAACG,4,C8,F16,all
320,GCCTAGGAAG,4,C9,F18,all
321,GCGTTCAGCA,4,C10,F20,all
322,TGCGATGTAT,4,C11,F22,all
323,ACGGCTTCTC,4,C12,F24,all
324,TTGACCGTCT,4,D1,H2,all
325,TTAGCGTCTT,4,D2,H4,all
326,GTACTTCCAA,4,D3,H6,all
327,CGTAACACTA,4,D4,H8,all
328,GAACATTGGC,4,D5,H10,all
329,TGTCTGTGAC,4,D6,H12,all
330,GACCAATTGT,4,D7,H14,all
331,AAGTTCAGGA,4,D8,H16,all
332,GAATGGCGTT,4,D9,H18,all
333,CCGAACGTTC,4,D10,H20,all
334,CGTCGCATCT,4,D11,H22,all
335,CCTCTTCAAG,4,D12,H24,all
336,GAACCAAGCG,4,E1,J2,all
337,AGATGCTCCG,4,E2,J4,all
338,TCATCGTCTG,4,E3,J6,all
339,AAGTGTGCTA,4,E4,J8,all
340,TGCTCACGCA,4,E5,J10,all
341,TAGCTACCAG,4,E6,J12,all
342,GATAGTGTTC,4,E7,J14,all
343,CACAGCTATT,4,E8,J16,all
344,TGCGAAGTGA,4,E9,J18,all
345,TCCGTGTTGC,4,E10,J20,all
346,AACAGCAATG,4,E11,J22,all
347,CGGTCTCTCT,4,E12,J24,all
348,ATTGTAAGCG,4,F1,L2,all
349,TCACAGTTGC,4,F2,L4,all
350,CTGAGTCCTT,4,F3,L6,all
351,GTAGTTGTGT,4,F4,L8,all
352,CACCGTCATA,4,F5,L10,all
353,ACGGACTGAG,4,F6,L12,all
354,TTGTTCGTGT,4,F7,L14,all
355,ACTGGACGTT,4,F8,L16,all
356,GTTGCATCGT,4,F9,L18,all
357,ATTACCGATC,4,F10,L20,all
358,TTAACGTCCG,4,F11,L22,all
359,AAGATCGGAT,4,F12,L24,all
360,TAGGTGGTGG,4,G1,N2,all
361,TCAGCATCCG,4,G2,N4,all
362,GCTATTGAAG,4,G3,N6,all
363,GCTACTTGCA,4,G4,N8,all
364,CAGCGGTATG,4,G5,N10,all
365,CGAGTAATGT,4,G6,N12,all
366,TCCTCGAGCT,4,G7,N14,all
367,CTTAACGACA,4,G8,N16,all
368,TCCACTGTTG,4,G9,N18,all
369,CATTATGCCT,4,G10,N20,all
370,TGTCCGTAGG,4,G11,N22,all
371,GCGAGGTTCT,4,G12,N24,all
372,ACATGAGCCA,4,H1,P2,all
373,TTAACAGGTC,4,H2,P4,all
374,TAGAGTCACG,4,H3,P6,all
375,AATATGCCAG,4,H4,P8,all
376,GCACGATGCT,4,H5,P10,all
377,CGCCTTATAT,4,H6,P12,all
378,ATAGGTAAGG,4,H7,P14,all
379,CACTTAGGTA,4,H8,P16,all
380,TAGAAGCCAT,4,H9,P18,all
381,GCTCTTAGGT,4,H10,P20,all
382,CTGTTCTACG,4,H11,P22,all
383,GTCGTGAATC,4,H12,P24,all
